author_did,pagerank,weighted_degree,reliability,leaning,pr_norm,deg_norm,combined_score
did:plc:rpwduj2dvwfb3qkzev3eraad,0.0011162571474662283,8.177365793605864,reliable,left,0.7066911397270335,0.5727537045587504,1.2794448442857838
did:plc:7a4j47j42ezdr3au7pxdlzjt,0.0009581831346628097,4.830661064168701,reliable,left,0.6026588158041044,0.3383460016101725,0.9410048174142769
did:plc:tax3e7cjn3dzxpgfjslqq56y,0.0008223633479938266,3.929962382001247,questionable,left,0.5132725353440616,0.27525985383065465,0.7885323891747162
did:plc:ynfgcbefjr66ifq654yqkinv,0.0006303699904470175,5.314585886548341,reliable,left,0.38691707179168444,0.37224074739280605,0.7591578191844905
did:plc:k4jt6heuiamymgi46yeuxtpt,0.0006787557658206886,3.233583421931872,reliable,left,0.4187609186559742,0.22648453434227117,0.6452454529982454
did:plc:v37jbm7ajyevhnygruyftjbc,0.0006910479467411747,2.9480007366126495,reliable,left,0.426850699667794,0.20648193875062967,0.6333326384184237
did:plc:yfj2lagcs4k4c4ahvsbop4sy,0.000513430417065132,4.008791979165035,reliable,left,0.30995631548696234,0.2807811848978961,0.5907375003848585
did:plc:kpdw2o2y5peja6svswklrmdu,0.000589117928656836,2.9580674477243813,reliable,center,0.3597680940531246,0.20718702474378356,0.5669551187969082
did:plc:6rszfmvermvgmn73adf65qoa,0.0005416342576899302,2.946486306662964,reliable,left,0.3285179438768137,0.20637586603896801,0.5348938099157817
did:plc:abdjrgoif5d63h72bvvhyfdv,0.0005398501780863377,2.7893798903064555,questionable,center,0.3273437980198597,0.19537192121745833,0.522715719237318
did:plc:e7gbntp2tzobn7cfi37viei3,0.0005775667250237495,2.430546586996657,reliable,left,0.3521659680822264,0.1702387537675632,0.5224047218497896
did:plc:jzhdjrd25wycuuxou4lahmfb,0.0005309950429774243,2.7515164489663104,reliable,left,0.32151601983106015,0.19271991483272888,0.514235934663789
did:plc:h2bckglsnvtxxnoxma7gkcwa,0.0005270018744802988,2.6478686270543386,reliable,left,0.31888801924320637,0.18546028190595598,0.5043483011491623
did:plc:3l6h5tayy6vycige2igmorv4,0.0005453553861042413,2.415677739889097,reliable,left,0.3309669083187922,0.16919731970697222,0.5001642280257644
did:plc:k5gw4742e3idz5ycrv3dnwd6,0.0005423632608976048,2.440352200332567,reliable,left,0.32899771848679954,0.17092555212113622,0.49992327060793573
did:plc:kqsdfw4cj532lp7bidtdzyyz,0.0004828555706785628,2.2467777712280395,reliable,left,0.2898342709663555,0.1573673386113338,0.4472016095776893
did:plc:hib3z6udox62nbvehnqgrjm4,0.0004662385710668062,2.2918699337095476,reliable,center,0.2788982223674801,0.16052565435257699,0.43942387672005706
did:plc:du3vwjfnqydkc2ttllwwhfef,0.00045980402521714425,2.168247313036582,reliable,left,0.27466349240613314,0.15186695964026914,0.4265304520464023
did:plc:746sksvmlwppi6zda5c7rtzb,0.0004320985044704555,2.2404472943226854,reliable,center,0.2564298203581074,0.1569239434898877,0.4133537638479951
did:plc:v4jfgpnpcxd2be2hekn5iocf,0.0004376908094037101,1.9714749484592962,questionable,left,0.2601102512396568,0.1380847584264564,0.3981950096661132
did:plc:shxqhlplcrwpegumqqltpvzz,0.00040806899802580256,2.000911681458912,questionable,left,0.24061542206566286,0.14014654681909747,0.3807619688847603
did:plc:4mtxbwb2bss5s7awrh3m6dug,0.0004126943799419597,1.9512178368570041,reliable,left,0.24365949756697455,0.1366659230696053,0.3803254206365798
did:plc:dawci6skpmelnlja3lygz3p7,0.00041119573479470327,1.816926480734623,reliable,center,0.2426732030164668,0.12725997576938114,0.36993317878584797
did:plc:wfovpxilrfvxvyecoguoza3y,0.0003902537789274327,1.8683726282090987,reliable,left,0.2288907962961861,0.130863333170162,0.3597541294663481
did:plc:gchmzqms7ibr2fkpzggmufoe,0.00037831867366029497,1.9389728985354981,questionable,left,0.22103601539207107,0.13580827111141358,0.35684428650348465
did:plc:cvghlt3lk3pbgubsah3t4wl2,0.00037947091308386516,1.564185933520464,reliable,left,0.22179433197316964,0.10955768772665886,0.3313520196998285
did:plc:fvwtf55iqiihc7ct543i2p6u,0.00035422267753085684,1.7714661149228486,reliable,left,0.2051778586329283,0.12407587057139069,0.329253729204319
did:plc:4l5ozv7lw2onf5ztpatpo5nr,0.00037048962515929916,1.5997338267032684,reliable,left,0.21588352957090828,0.11204751000238856,0.32793103957329683
did:plc:axduljyeg6buqytes4fqlh7b,0.00036796797237099,1.5892520963410048,reliable,left,0.2142239689951875,0.1113133555024313,0.3255373244976188
did:plc:ormie3tjweyhnqckjlzowoxg,0.00035345293210943833,1.4718424200627518,reliable,left,0.2046712705885115,0.10308982377635938,0.30776109436487087
did:plc:5yla72xe6uil7epj4jbye3uc,0.0003264032709866308,1.5806221004007908,reliable,left,0.18686923559220306,0.11070889897329454,0.2975781345654976
did:plc:yun5yzvbtyt6oge4h35rg2jd,0.0003215033307662881,1.5857890147371665,reliable,left,0.18364446664273879,0.11107079660658997,0.29471526324932873
did:plc:xzinb6jermnsn26c2melbwtq,0.000316124519530994,1.593422915572136,questionable,left,0.1801045411178121,0.11160548529409882,0.2917100264119109
did:plc:kl4oswr2tihloje5hpasba7y,0.0003244473045985351,1.413053302072355,reliable,left,0.18558196689281353,0.0989721548391241,0.2845541217319376
did:plc:3tgznzk62346vhf5qn2jtbla,0.00030467628682806757,1.5936284464351835,reliable,left,0.17257018280189446,0.1116198809523319,0.28419006375422634
did:plc:dgpyzapw4a7zve5qy2qjqpfx,0.0003145977860832424,1.4841248821310695,reliable,left,0.1790997609786631,0.10395010394827392,0.283049864926937
did:plc:ep5l4ixikvwk6mqacxohricu,0.00032731086581552353,1.364371148501418,reliable,left,0.1874665456595293,0.09556239129088528,0.2830289369504146
did:plc:2yfslrb6n7umb4dfr6e4z2e6,0.00032497450039978444,1.3121845354584922,reliable,left,0.18592892717675716,0.09190717068523722,0.27783609786199437
did:plc:6m7rbdgaz5vyg4bnbefi7kh6,0.000311928728308843,1.3435337436036194,reliable,left,0.17734318962306245,0.09410291141070957,0.27144610103377204
did:plc:w5pxbmkjntxfw6mt4emennhv,0.0003060968282754868,1.3960814385715075,reliable,left,0.17350507542202198,0.09778342268029407,0.27128849810231603
did:plc:ljbiffenw7pty4fmvekaulea,0.0003155712019973523,1.2472583441666314,reliable,center,0.17974038949117102,0.08735965287523773,0.2671000423664087
did:plc:phod2o7bz2lycc42sqtwhubx,0.00032889775054441067,1.1021780304868887,reliable,left,0.188510912808918,0.07719803246887251,0.2657089452777905
did:plc:b2qfxejrpavolqzo7bpm6x7c,0.0002884355171460426,1.4475996799184725,reliable,left,0.16188174020241888,0.1013918296329216,0.2632735698353405
did:plc:lcfxrrbtacxggha36ej7fwpy,0.00031107595303983597,1.2187161120269268,reliable,center,0.17678195763150714,0.08536051652656486,0.262142474158072
did:plc:hhqzjk3wuvan75wdnacitt2m,0.00028531712744019045,1.4319783910199988,reliable,right,0.15982945265531534,0.10029769353672553,0.26012714619204086
did:plc:54qpdbqnhocq7yjb4ewu5io2,0.0002750437199408548,1.477815491342572,reliable,center,0.15306827516757576,0.10350818572682827,0.256576460894404
did:plc:yc54nj2zlnqrdotewpkbrauy,0.00029138592201845824,1.114533579124713,reliable,left,0.1638234728752817,0.07806343172246873,0.24188690459775042
did:plc:f5adlub6ce3mpu2pv63ew22o,0.00027458291827707606,1.2626243118116998,reliable,left,0.152765010468336,0.08843590592725657,0.24120091639559255
did:plc:bmbbjtlwyexpwtyxzzns7izv,0.00030352038810911434,0.9780500477097671,reliable,left,0.1718094579501645,0.06850394151471802,0.2403133994648825
did:plc:vaged6uocai4jrd2s5pd2ebo,0.00027710453623268924,1.1205921535119263,questionable,left,0.15442454811981862,0.07848778242564193,0.23291233054546057
did:plc:mjwatbcziskf47sa54xyo7oj,0.0002546072204472015,1.3020921573265938,reliable,left,0.13961852148909806,0.09120028693945048,0.23081880842854854
did:plc:zluhpi4abfzzr7ac6pecjhbl,0.00027458530854836594,1.0841672946038585,reliable,center,0.15276658356357586,0.07593653629037199,0.22870311985394787
did:plc:foc4lht37ziujsrhbz6jhyk7,0.00027009317931063666,1.1243817249846797,reliable,left,0.14981020486681765,0.07875320911126321,0.22856341397808086
did:plc:hlszecghna5q5kwrnypy3edu,0.00027392853749993323,1.0879684863955865,reliable,left,0.1523343466813584,0.07620277687877185,0.22853712356013023
did:plc:ajjmla7inolj73z7zov2jlly,0.0002675198753432235,1.1322632722974473,reliable,left,0.14811665140320687,0.07930524329133774,0.2274218946945446
did:plc:gx2mw5w2tfcwnlkkhpe6gp4x,0.0002616234610768173,1.1602198581372494,reliable,left,0.14423607882794495,0.08126336018505452,0.22549943901299946
did:plc:khssxrydvcapbp23tqkr7qpn,0.00026702190972327153,1.107361750310026,reliable,right,0.14778892820722683,0.07756110718107605,0.2253500353883029
did:plc:fck7wsgqbs6yrpaw6nirucek,0.0002609633940938981,1.1550478726920912,questionable,left,0.1438016728116741,0.08090110736447573,0.22470278017614984
did:plc:k5nskatzhyxersjilvtnz4lh,0.0002617878006699495,1.0534608377747354,reliable,left,0.1443442346815409,0.07378581473203034,0.21813004941357123
did:plc:u2dl3d6naztu22a2sax63voj,0.00026071162461200226,1.0223296797998789,reliable,left,0.14363597723762,0.07160534653391636,0.21524132377153637
did:plc:axornmwytvdbap3r3mnbubw7,0.00026912633180117243,0.9123608629566354,reliable,left,0.14917389917997623,0.06390298261592209,0.21307688179589832
did:plc:zqcjqlk7nfc5rsbxo6b3lm5h,0.00023456043998670932,1.2159725130003252,reliable,left,0.12642525131463034,0.08516835115864911,0.21159360247327946
did:plc:d2jith367s6ybc3ldsusgdae,0.0002458970370313721,1.0977557441171502,reliable,left,0.13388613950882547,0.07688828958041471,0.21077442908924018
did:plc:ptyzrjtbgyafg53l67dvepu4,0.0002420765738226402,1.0978368452550173,questionable,left,0.1313718004405771,0.07689397001324967,0.20826577045382677
did:plc:kttkuxc264c4fkrhzxxw6q4p,0.00024175190540111558,0.9684272396191298,reliable,left,0.13115812831448515,0.06782994708652697,0.1989880754010121
did:plc:6oxoffht66jg3utq5od2xkl5,0.00024319201334675996,0.9331661755290409,reliable,center,0.1321058981194535,0.06536021470644024,0.19746611282589374
did:plc:gzbfstetnmajkcyjffsngduk,0.0002267865754772367,0.9742030716184239,questionable,left,0.12130908341049698,0.06823449413236064,0.1895435775428576
did:plc:4alpbldnqdzjkyjb5bzrw5bp,0.0002177503455371546,0.906579693894857,reliable,right,0.11536212234145807,0.06349806175504985,0.17886018409650792
did:plc:tkwws5bwhlibz332qr43qsno,0.00022673900407839626,0.8119493972955274,reliable,center,0.12127777552448925,0.05687002843616128,0.17814780396065052
did:plc:vovinwhtulbsx4mwfw26r5ni,0.00021434740427201982,0.8441028759145319,reliable,left,0.1131225645437734,0.059122101347939965,0.17224466589171336
did:plc:rjuel2idbd5cvtf3toemjznp,0.0002644447647406499,0.3327157428679752,reliable,center,0.14609284687878063,0.023303858369850286,0.16939670524863093
did:plc:ag4wck6i2ulx7lwkakouqs56,0.00020957059471537153,0.804573189562162,reliable,center,0.10997883085660891,0.05635338892026932,0.16633221977687823
did:plc:kpkqu7odzhelr2idxytethe7,0.000198050505174117,0.8881148798903443,reliable,left,0.10239718182067693,0.06220476133386257,0.1646019431545395
did:plc:yxq674rwvxhlxzijrpots44b,0.00021081199712280187,0.7133088921209617,reliable,left,0.11079582774988765,0.04996111471207966,0.1607569424619673
did:plc:qoaagrvj4kiaghk34qvf5fjv,0.0002015261265018662,0.7969059824362111,reliable,center,0.10468457212215238,0.05581636741531948,0.16050093953747185
did:plc:desjew35o673vrmjvefd3opv,0.0001987533701535287,0.7989426447926289,questionable,left,0.10285975423163467,0.055959017987522786,0.15881877221915747
did:plc:ptkn43a4zzxxxoy5ctyrhf7j,0.00019299479948038135,0.7921383072560566,reliable,center,0.0990698998528067,0.05548243302978648,0.15455233288259318
did:plc:eamd4gyn7mutxyzwag2kqd6a,0.00019621182622139928,0.5743819049877003,reliable,left,0.1011871028139696,0.04023048157763185,0.14141758439160146
did:plc:d32h5vi4qqtfdxkpdlb4dnm5,0.00017642836560100356,0.7313440886251206,reliable,left,0.0881671297831274,0.051224324145400985,0.13939145392852836
did:plc:pkec7cz3ral2lla6scxb6ne4,0.0001845351184182493,0.6438574343475528,reliable,left,0.09350237951893081,0.045096641148009715,0.13859902066694052
did:plc:76e4qryfph6q4wmz3li6v2l6,0.00018099544940548379,0.6674664207706313,reliable,left,0.0911728378897579,0.04675024632796496,0.13792308421772287
did:plc:aonrplpou355iyrtvtimbj2q,0.00018194466610895412,0.6528126632354401,questionable,left,0.09179754031754586,0.04572387743047119,0.13752141774801704
did:plc:g6zrpwmibpkb6nkfweuns3mr,0.00017323687483461337,0.683456593551694,reliable,left,0.08606673266333617,0.04787021954770883,0.133936952211045
did:plc:4xpckqkivrksxxyqfqb2febi,0.00015767887439479031,0.5476809131367171,reliable,left,0.07582763698502529,0.038360308176559124,0.11418794516158441
did:plc:hvedoky7su6dsbu4m2bwfg7y,0.0001414696570822582,0.5266142346725995,reliable,left,0.06515995976162516,0.03688476966726238,0.10204472942888754
did:plc:724gpbnyikkk2zsafpdtwgzu,0.00017076504026862543,0.20412414523193154,reliable,left,0.08443995866239686,0.014297129824239363,0.09873708848663622
did:plc:5jtg5sg7la7lk4hrdjkw6zti,0.00013575401139776948,0.5289295326572873,reliable,left,0.061398355354094346,0.03704693625383287,0.09844529160792721
did:plc:dj2dtd6yjkndificlidzom2l,0.00013924549497100868,0.48474701237636814,questionable,left,0.06369618498226047,0.03395233307643485,0.09764851805869532
did:plc:nnyqaearuxzfxq5kgtxcirl3,0.00013993815162634794,0.4634095702284127,reliable,left,0.0641520390487049,0.032457829914352324,0.09660986896305722
did:plc:ivkxtqdth35x44yi627qdtjq,0.0001378699570349571,0.47476295012668224,reliable,left,0.06279091025940292,0.03325303592080019,0.09604394618020312
did:plc:g42wv2zldtwnokrv3kck2x3c,0.00013708169282991114,0.4816647589835852,reliable,left,0.06227213455641515,0.03373644790098072,0.09600858245739588
did:plc:ubmlmdso5fxzsfkdxovtrtsz,0.0001339614933475051,0.47674800344222623,reliable,left,0.06021865595167132,0.033392071726329825,0.09361072767800115
did:plc:tuqsg3sy75x7zeb5u66mvx3u,0.00013468854131605542,0.4627305171234802,reliable,left,0.060697143771587664,0.032410268121073324,0.09310741189266099
did:plc:i2jc6ogikn53jkny6y4ii2xd,0.0001354438222358412,0.4455693703577243,questionable,center,0.06119421237828949,0.03120827830764847,0.09240249068593796
did:plc:okhcehwe3nb6ozirtexvluri,0.0001369940278599974,0.4302920882266248,reliable,left,0.06221444012337698,0.030138236908373115,0.0923526770317501
did:plc:uhtpzedcjf7vwoyc44zwkhkz,0.00013587407291221294,0.43078688120698644,reliable,right,0.0614773707351791,0.03017289287456621,0.09165026360974532
did:plc:hpuimd3xshydwcavz5ujv5ng,0.0001256397958123164,0.4237640364161476,reliable,left,0.05474194590796534,0.02968100337469337,0.08442294928265871
did:plc:hgmkexmj7admtpjegy6g657r,0.00012853363563400294,0.3821085967630378,reliable,left,0.0566464517553949,0.0267634003251884,0.0834098520805833
did:plc:5iisvkutunvkqkbjsw2bn4cl,0.0001236631069698215,0.3796002495860431,reliable,left,0.05344103926107075,0.02658771231340023,0.08002875157447098
did:plc:kukumhoxb37dcvonsasjfpdb,0.00011591106170629663,0.42050953526658214,reliable,left,0.04833923112943847,0.029453053734558417,0.07779228486399689
did:plc:u2iiont4xl7izbwj6pzdqkob,0.00011921019861377117,0.3465121340759427,reliable,left,0.05051047277338476,0.024270176176017642,0.0747806489494024
did:plc:7rb7wb4iadvcqwsgbwuejdlb,0.00012196226066689731,0.2886751345948129,questionable,left,0.05232167124863867,0.020219194900448174,0.07254086614908685
did:plc:yxwogxwmevqdqiisbx2oji4p,0.00010993113721367625,0.3073684505063841,reliable,left,0.04440369845826758,0.02152849990270346,0.06593219836097104
did:plc:pctzlgamc7ispjizz4bflq4f,9.906908465275347e-05,0.2854229764011504,reliable,left,0.03725511944489695,0.019991409364097604,0.05724652880899456
did:plc:wils2x7onkd42q2a4giayrzu,0.00010064299383889759,0.2347652327535266,reliable,left,0.03829094707636122,0.016443272828313513,0.05473421990467474
did:plc:j2w2cfun7kam2chtajg22te4,8.76600710215948e-05,0.17696250481623846,reliable,left,0.02974657214690527,0.012394691977794322,0.042141264124699596
did:plc:kvykxwxfjdk6vybbz7ydkboq,8.552302837132302e-05,0.16666666666666666,questionable,left,0.028340132787978714,0.01167355761857126,0.04001369040654997
did:plc:opp5kugipnmojcxg3e627xcl,8.055761256949785e-05,0.13608276348795437,reliable,left,0.025072272777681467,0.009531419882826244,0.03460369266050771
did:plc:ebovc3hnxjadg5cuul6geibu,7.615532141053617e-05,0.17403319174016357,reliable,left,0.022175018689359605,0.012189518947935955,0.034364537637295564
did:plc:mbdxip7qez2xbazcjkyhjdia,6.90765989062743e-05,0.1269578580926024,questionable,left,0.01751634052042043,0.008892299229446326,0.026408639749866757
did:plc:bctx7gcx7o6ybugsc6fzog4m,6.849308064821256e-05,0.12447470471657726,questionable,left,0.01713231306795666,0.00871837582538165,0.02585068889333831
did:plc:lzfzawdilrmsfikvr4c6ytk4,6.575907433971343e-05,0.13143497502079077,reliable,left,0.015332997514129193,0.009205882524004052,0.024538880038133246
did:plc:la3fwcybyde2pz4xbztptyhj,6.230198392613408e-05,0.08944271909999159,reliable,left,0.013057802854627504,0.006264688409852615,0.01932249126448012
did:plc:b5qoj4koudj5sbrnugfmkvzs,6.058830464480802e-05,0.09559110896098215,reliable,left,0.011929989149305608,0.006695329909674892,0.0186253190589805
did:plc:ecd7o2kgjtaq2exh2uwa7hhd,5.609277970904251e-05,0.07231791269835915,reliable,center,0.008971375661693507,0.00506524392443461,0.014036619586128118
did:plc:cnviknpgcsffkyndzbljler3,5.07266662721699e-05,0.047781848256749665,reliable,left,0.005439806864448171,0.0033467049524819755,0.008786511816930147
did:plc:mdhv5x4vwcu5glikyev754wv,5.0566049377108566e-05,0.03928371006591931,reliable,left,0.00533410100832307,0.002751483917554541,0.00808558492587761
did:plc:p56yhr6wysb6usrxiauvnvea,5.001600142096884e-05,0.041407932648854284,reliable,left,0.004972101169567567,0.0029002673258539113,0.00787236849542148
did:plc:6tn4qpulmj6a7wdstknsmb4m,4.791958263059008e-05,0.03162277660168379,reliable,left,0.0035923973535454978,0.0022149018283137765,0.005807299181859274
did:plc:uefqjxxvtk3mar7pnfqplfox,4.563504486558576e-05,0.01332267944962386,questionable,center,0.002088887898903793,0.0009331383971336361,0.0030220262960374295
did:plc:l6kt4zpqzprqasiqvmpjamsi,4.462777616451119e-05,0.00902550601789804,reliable,center,0.001425980050047364,0.0006321585872201664,0.0020581386372675306
did:plc:ivk6p4z3ivqlcs2pnoihzpcg,4.246104201700143e-05,0.0,reliable,left,0.0,0.0,0.0
did:plc:fa7xejyd32fvuar5hpa2n2yi,4.246104201700143e-05,0.0,reliable,left,0.0,0.0,0.0
did:plc:mwg2t46u53qwncupgp3hhkl6,4.246104201700143e-05,0.0,reliable,left,0.0,0.0,0.0
did:plc:nbpkzxj3ge7aogphfwjmdqls,4.246104201700143e-05,0.0,reliable,left,0.0,0.0,0.0
did:plc:xpyz7gi2qafjttmekfnapvcx,4.246104201700143e-05,0.0,questionable,center,0.0,0.0,0.0
did:plc:vcchby7oxg7y5k5ozlgrr7ra,4.246104201700143e-05,0.0,reliable,right,0.0,0.0,0.0
did:plc:ud4mbfwt7peg375w3x75vozp,0.0013522475115457452,9.19018829778611,unknown,unknown,0.8620020954192982,0.6436931557183528,1.505695251137651
did:plc:taolqc4cd6nkuccy4cesvdht,0.0013330616303871966,8.993758925899646,unknown,unknown,0.8493754038585853,0.6299349781741745,1.47931038203276
did:plc:x4qyokjtdzgl7gmqhsw4ajqj,0.0015619312099284038,6.760760078462443,unknown,unknown,0.9999999993418759,0.4735327339276061,1.473532733269482
did:plc:ifnxpomraswgy6t34nrwqqgd,0.0014772521569242577,7.247481252602897,unknown,unknown,0.9442706703055495,0.5076233399506496,1.451894010256199
did:plc:pbpqqsupoqvf64rxastmxq6h,0.0007135168749913767,14.143347835477531,unknown,unknown,0.4416380437762338,0.9906191152616524,1.432257159037886
did:plc:mojhr33bx3rw4dxxpehd32qz,0.0014803576914187064,6.853198118753184,unknown,unknown,0.946314497527688,0.48000721866449675,1.4263217161921848
did:plc:k3hlawjlzulv4ucyqkjzvgwk,0.0006687663936957253,14.27728136635124,unknown,unknown,0.41218667170506496,0.99999999999993,1.412186671704995
did:plc:hsd7lpzfiedzjvymcz72gpl3,0.0012531108708747419,8.75190176056085,unknown,unknown,0.7967578789158389,0.6129949768438939,1.409752855759733
did:plc:khkaorxvl6o5xvmzmuxn2rl5,0.0013841731187818826,6.832735053482306,unknown,unknown,0.8830131082639991,0.47857395803554365,1.3615870662995428
did:plc:36eqtmzysqf7wsslczw4uxcd,0.0013512308700490085,7.0222300052327045,unknown,unknown,0.8613330191073459,0.4918464394616636,1.3531794585690096
did:plc:nbui5himyzmplkrvgi23qd7w,0.000641103864465357,13.687100783462405,unknown,unknown,0.3939812934117967,0.9586629577616412,1.352644251173438
did:plc:j5hrotody26iqi24hcusufxu,0.0013029188081920245,6.371614279590025,unknown,unknown,0.8295376848879211,0.4462764384966334,1.2758141233845546
did:plc:thqgscex6n7rqh6fkisrwl7g,0.0011885891049580898,7.2827250738001945,unknown,unknown,0.7542945471329732,0.5100918646153212,1.2643864117482944
did:plc:6k5cuwrftfbvhzfuslqrhf32,0.0011026213954032226,8.056339371104665,unknown,unknown,0.6977171221108963,0.5642768510601267,1.261993973171023
did:plc:lmqpgiymjl25rex5fzw2ojjn,0.0011936103195275532,7.113908827042097,unknown,unknown,0.7575991296593025,0.49826774751443165,1.2558668771737342
did:plc:27ayaw2igvlqshe3fvc7kwhd,0.001290220335866191,6.057405161155238,unknown,unknown,0.8211805136938785,0.4242688090066596,1.245449322700538
did:plc:yokowy6syzjlvkoskfthmthn,0.0005951276717905061,12.38563593195852,unknown,unknown,0.36372325109182824,0.867506608166186,1.2312298592580142
did:plc:6yzfeapjbpmqnkdvhrx64jdb,0.0010966524770019042,7.650305060883209,unknown,unknown,0.6937888328141115,0.5358376615672047,1.2296264943813162
did:plc:jn3bgn2o2veysaribauxnpcw,0.000580216063471047,12.435465334197119,unknown,unknown,0.35390956167261295,0.8709967265549734,1.2249062882275863
did:plc:6jnv4fcri7chmtbioh7lu56t,0.0005802160634710468,12.435465334197119,unknown,unknown,0.3539095616726128,0.8709967265549734,1.224906288227586
did:plc:k7o7nwz6m34dqrw5csa7egji,0.0006523983704097242,11.652493290979109,unknown,unknown,0.4014144804367575,0.816156310993558,1.2175707914303155
did:plc:uo2fna47c4v6zcnklxfhcvjb,0.0012179241522797426,6.3218509837846515,unknown,unknown,0.7736006499587162,0.4427909502913892,1.2163916002501054
did:plc:cvx4ofk4m65w2uxd5w5vwjqj,0.0011907831349397288,6.5036214602809395,unknown,unknown,0.7557384912304153,0.4555223990757966,1.2112608903062119
did:plc:gxmg6egpy4vnweuwyfhmxfpg,0.001126301450553363,6.628020381689112,unknown,unknown,0.7133015380702472,0.4642354669362751,1.1775370050065224
did:plc:vsn7qxqg4kh436lkke2gbdnl,0.0012468552859937487,5.444155459008272,unknown,unknown,0.7926409274883063,0.3813159746111539,1.1739569020994602
did:plc:vdtj2t7tphztdaccmy5xqcho,0.0005604532908699057,11.855112328371462,unknown,unknown,0.3409032039266757,0.8303480210392724,1.1712512249659481
did:plc:lcprhfzckjfeap7k2mea7e7o,0.001313331452398184,4.690336824588915,unknown,unknown,0.8363904974137633,0.3285175030340715,1.1649080004478347
did:plc:zh6b6f7na52pmks6vwypstww,0.0013350105056577572,4.456733686640498,unknown,unknown,0.8506580057223369,0.3121556248897522,1.162813630612089
did:plc:igczu2vp7rldkva4emfnc53w,0.0005774544481966667,11.484613712053328,unknown,unknown,0.35209207599182535,0.8043977993681285,1.156489875359954
did:plc:xtrzqicesfwterpbweugpl4u,0.0011363937259691538,6.191608628955031,unknown,unknown,0.7199435081610593,0.43366860049049727,1.1536121086515565
did:plc:23rykfqtezcnbq4k4jzvpkg3,0.0011597459451463492,5.89832651307342,unknown,unknown,0.73531216735226,0.41312672642105447,1.1484388937733145
did:plc:iqide5sxkjiah5r27dvc72lk,0.0009265925782482496,7.867196551640092,unknown,unknown,0.5818683079936137,0.5510290334531744,1.132897341446788
did:plc:op3xum4sqewuuwjdj7uzlczm,0.0009252911228376761,7.844786860531175,unknown,unknown,0.5810117887692147,0.5494594285309284,1.1304712173001432
did:plc:rlr4e4zioxivpndzr4mqw4r2,0.001193520849324279,5.219919817968602,unknown,unknown,0.7575402471586093,0.36561020855627085,1.1231504557148801
did:plc:sefgphqp2xqwh2hawaixykwz,0.0011131105729235914,5.964750592585231,unknown,unknown,0.7046203030584259,0.41777915833770457,1.1223994613961306
did:plc:apohfz4tqb3j4lixofk4ywkd,0.0009803920716070333,7.035578389041207,unknown,unknown,0.6172750533575766,0.4927813782266838,1.1100564315842605
did:plc:hep3eeypav7k52udqkmjujps,0.0010501818003302574,6.328742578361002,unknown,unknown,0.6632053586384127,0.44327364684961434,1.1064790054880271
did:plc:kb3sjrrxwkaiicuawkoqbslf,0.0005461914733270141,10.98676855070478,unknown,unknown,0.33151715750425126,0.7695280543113533,1.1010452118156047
did:plc:laox4youuo2r5bw2nxlfkxla,0.0010069583000425718,6.640730084031339,unknown,unknown,0.6347589296317462,0.46512567159191637,1.0998846012236625
did:plc:mvwpf5l7ifmbdgrdcjj7ascx,0.0009820853896419775,6.814079868876279,unknown,unknown,0.6183894668351095,0.4772673238012424,1.095656790636352
did:plc:jc4e3l6swmj7jmsocmrtdbx5,0.0011171086060930804,5.503938491654058,unknown,unknown,0.7072515052046012,0.385503258668375,1.0927547638729762
did:plc:iy5bwfls7baqtznyuymkub2b,0.0012287354731331584,4.364620597282649,unknown,unknown,0.7807158412106521,0.3057039001534914,1.0864197413641434
did:plc:gexyzhqlp5r7kart7lw4jgzb,0.0011338474804920232,5.1796250361582254,unknown,unknown,0.7182677625431281,0.3627879078131237,1.0810556703562517
did:plc:tomudwgbf7754rewbwkoadhn,0.0009817007026276063,6.55991509446459,unknown,unknown,0.6181362950241442,0.4594652809690063,1.0776015759931505
did:plc:cuowqu3bimpxo4plxd4pg3eh,0.0011058858953591952,5.257271852484808,unknown,unknown,0.6998655683408815,0.36822639531884566,1.0680919636597273
did:plc:ynuhjsul24ttaw4lmsxigko7,0.0009920009291844699,6.308764027986363,unknown,unknown,0.6249151227810872,0.44187432229601104,1.0667894450770983
did:plc:7pm6l5jz2ui6heuhqryxkzfm,0.0009523050960868324,6.529217174107999,unknown,unknown,0.598790336714325,0.4573151573166885,1.0561054940310135
did:plc:ohrv6qdbiynivhcbnykq5kiz,0.0009240364186817867,6.689847312403916,unknown,unknown,0.5801860376741548,0.4685659083647472,1.048751946038902
did:plc:uhqmmis3f3kp22z46uujhosl,0.0009227528752828157,6.6125105566143345,unknown,unknown,0.5793413067770089,0.46314913791628887,1.0424904446932977
did:plc:34ydeurdtukrpzjjelklch4y,0.0010479276457130064,5.302416666094488,unknown,unknown,0.6617218450667932,0.3713883988159592,1.0331102438827524
did:plc:encs65vl2g7z3abswilj7jve,0.0010442555921429666,5.308419560933119,unknown,unknown,0.6593051779645555,0.3718088496486211,1.0311140276131765
did:plc:erze6p4gjcmqxeygv624xyd5,0.0009216207975173262,6.437266406920984,unknown,unknown,0.5785962590698198,0.45087480184371176,1.0294710609135316
did:plc:4shx46fa7p2u7hcma2b5tpjq,0.0011445377233891367,4.170243403601434,unknown,unknown,0.7253032694690537,0.2920894599324484,1.017392729401502
did:plc:z5iaa2ueaqyzjmyromlucpkx,0.0010368634197189942,5.162574286720302,unknown,unknown,0.6544402108363963,0.36159365037710317,1.0160338612134994
did:plc:6tff2msd3ujvsyk7kg63a5tb,0.0009496659228424939,5.782051586311048,unknown,unknown,0.597053433089406,0.4049826740781202,1.0020361071675261
did:plc:6gwmy43l6x2t6mdid2mznpmo,0.0005187864281696875,9.795116989180565,unknown,unknown,0.3134812356954273,0.6860631753230734,0.9995444110185007
did:plc:3xpvhvkearhzyqo2g44df57a,0.0009335955385273273,5.868235613597549,unknown,unknown,0.5864771252131679,0.41101911932809715,0.997496244541265
did:plc:oyryhanphnb3z5oxy7s2smyd,0.0005343977441529006,9.568114412403704,unknown,unknown,0.32375541961994453,0.6701636093656603,0.9939190289856048
did:plc:yfvrnusuhjdeaqy77crumnuc,0.000918003020525499,5.89030889525142,unknown,unknown,0.5762153126940057,0.4125651616794016,0.9887804743734073
did:plc:ibntpygu3x5avzwngwajrijc,0.0009612346127615025,5.476210093349716,unknown,unknown,0.6046670672072095,0.38356112433671646,0.9882281915439259
did:plc:4qqizocrnriintskkh6trnzv,0.0011329552413912346,3.7182509151926317,unknown,unknown,0.7176805584511728,0.260431297792839,0.9781118562440119
did:plc:52ll4pp6zcbadwyzdzlhvu6m,0.0009091743279719985,5.814734087367944,unknown,unknown,0.5704049369892786,0.40727180043336036,0.9776767374226389
did:plc:2tiz6smelz6njio33k7t4bhf,0.0008722347277282595,6.116945612127556,unknown,unknown,0.5460940943024467,0.42843910231702603,0.9745331966194728
did:plc:f5hq72jl5smcllw6b44xwrxj,0.0009303154007253989,5.469959518706119,unknown,unknown,0.5843183873392427,0.3831233256772092,0.9674417130164519
did:plc:pvtbvfuvlortzk7zhn6jdb4w,0.0011007019094242101,3.8512103275517386,unknown,unknown,0.6964538620494055,0.2697439539594715,0.966197816008877
did:plc:2v37v73ys35poda6o2abunta,0.0005484856105917929,9.012515589156951,unknown,unknown,0.333026984621438,0.6312487201097722,0.9642757047312102
did:plc:x6tcxf2rt4q7jx26x5lysm3j,0.0008845001228938396,5.850525288064657,unknown,unknown,0.5541662469623225,0.40977866429478593,0.9639449112571085
did:plc:j76trmiofvaxxpvx2vnb2vwf,0.0009934692381945393,4.818371249215934,unknown,unknown,0.6258814523873614,0.3374852064323363,0.9633666588196976
did:plc:2oniqe36yqfpa3m4oxpcooda,0.0010191469954496859,4.511053490477572,unknown,unknown,0.642780604328951,0.3159602570492816,0.9587408613782327
did:plc:3umouwc4j7tjlyi3wpqtiu3w,0.0009338611518157713,5.130086979055208,unknown,unknown,0.5866519317305174,0.35931819562969886,0.9459701273602164
did:plc:362bnfss2ijxhjzryicwgk3y,0.000990032266031237,4.503690965846035,unknown,unknown,0.6236194980340458,0.3154445759162552,0.939064073950301
did:plc:ks3gpa6ftoyaq7hmf6c4qx4c,0.001025233221170789,4.109867316762378,unknown,unknown,0.646786096404826,0.28786063756145086,0.9346467339662768
did:plc:aymuvjwew4pdhr3c7lg2odqn,0.0008779680810424267,5.48438373104711,unknown,unknown,0.5498673525285525,0.3841336169203996,0.9340009694489521
did:plc:kausidrzftllpj5hfjoauhxs,0.0009556721151306761,4.675323631059333,unknown,unknown,0.6010062532309723,0.32746595875583356,0.9284722119868059
did:plc:g4iehcu5iujwtslptsp2dnko,0.0006978041685448291,7.057423948434241,unknown,unknown,0.4312971323401082,0.4943114706043908,0.925608602944499
did:plc:yazonrgwuoqc3jilcgsry4pr,0.0004544008278059362,9.337229727117533,unknown,unknown,0.27110751775012587,0.6539921353040575,0.9250996530541834
did:plc:ifkidt6g4xjmaxiutv2qajzt,0.0009240788884196327,4.9237517530366315,unknown,unknown,0.5802139880339019,0.34486619873168617,0.925080186765588
did:plc:udzdncz54fsj2spg24u33wj2,0.0008709538582420643,5.404258930063842,unknown,unknown,0.54525112317185,0.3785215680346712,0.9237726912065212
did:plc:s6j27rxb3ic2rxw73ixgqv2p,0.0009397067574302112,4.751539512511796,unknown,unknown,0.5904990659053383,0.33280422165734663,0.923303287562685
did:plc:nl3cuyvn5twmvef3fdnak26b,0.0009749527158538653,4.365122297421687,unknown,unknown,0.6136952820238195,0.30573903990637324,0.9194343219301928
did:plc:vf32tdeunh3ra6nvclxhmeuo,0.0008500735003927912,5.400149593508328,unknown,unknown,0.5315092555942638,0.37823374457234177,0.9097430001666056
did:plc:6oblddgkppfvk2ly7kxlaqob,0.0009096061215330027,4.83282144247281,unknown,unknown,0.570689110755792,0.3384973174138381,0.90918642816963
did:plc:zgi3qfrm46r7qr2jriw673gd,0.0008909466281950614,4.866776502052476,unknown,unknown,0.5584088477274565,0.34087557548050956,0.899284423207966
did:plc:5o6k7jvowuyaquloafzn3cfw,0.0009207590941735688,4.562827301057924,unknown,unknown,0.5780291512967369,0.319586564414938,0.8976157157116749
did:plc:etgkjoou5ilb2q52ijascw3v,0.000906506374905112,4.693968449375038,unknown,unknown,0.5686490926683612,0.32877186692121063,0.8974209595895718
did:plc:mbsab43g7tpt5yxcowqirq2m,0.0009091866913218051,4.6395499153092885,unknown,unknown,0.5704130736082526,0.32496031956360233,0.8953733931718548
did:plc:4cfvzmlojyvjs7ydxmhxmd5p,0.0008434288528514383,5.231909655871397,unknown,unknown,0.5271362526375072,0.3664499929378445,0.8935862455753517
did:plc:i4azllkb2bnkgnkqybvcgb4w,0.0007888915130119992,5.725519475934099,unknown,unknown,0.4912439126921226,0.4010230889914117,0.8922670016835343
did:plc:uk62jqyggwt4hyhrnzka34wm,0.0008487963604839606,5.160530543670563,unknown,unknown,0.5306687389885671,0.3614505038636111,0.8921192428521783
did:plc:65mgfx2oprkdjmautl2as73u,0.0008973880790790826,4.678298530167428,unknown,unknown,0.5626481220586111,0.32767432469272023,0.8903224467513313
did:plc:fw3hbgfowsdmx3mp4qmxehyj,0.0007836578887719634,5.693043589424747,unknown,unknown,0.48779953823376426,0.39874843419712513,0.8865479724308893
did:plc:ao6aq5cvleryn7bg4dfmkivg,0.0008875397179325249,4.71378681637211,unknown,unknown,0.5561666778367653,0.33015997201548847,0.8863266498522537
did:plc:l6tr26uz7dgptay2gybftayf,0.00043029581020080084,9.000308646207564,unknown,unknown,0.2552434237400375,0.6303937293985745,0.885637153138612
did:plc:wyylw3fkelfztdgh3c3u3svw,0.0009102104793784441,4.482028786493887,unknown,unknown,0.571086853243803,0.31392732772338844,0.8850141809671914
did:plc:yly3aulwiwaboatf2v2pjkhc,0.0009348123611748725,4.245578460221955,unknown,unknown,0.5872779455730811,0.2973660286773962,0.8846439742504772
did:plc:y73aherrvh76qhm5e65ju3uv,0.0007322748758853736,6.139044469681032,unknown,unknown,0.45398313700530035,0.4299869360387566,0.883970073044057
did:plc:u3ozb6kj4tef6aw6jgdkgcvt,0.0008983729775536832,4.524690938508217,unknown,unknown,0.5632963075213808,0.3169154422614176,0.8802117497827984
did:plc:pcmzn3lb3n6vha766ajfsee6,0.0008910131022765005,4.569170495920462,unknown,unknown,0.5584525959252159,0.32003085031921996,0.8784834462444359
did:plc:cvmsrsy6yjpdhzpsu33to72e,0.0008333660661345845,5.019199997123313,unknown,unknown,0.5205136897713583,0.3515515221933102,0.8720652119646685
did:plc:7migibs2fyj2psyy6lmkul3h,0.0008830933412206325,4.5477555077663165,unknown,unknown,0.5532404099817815,0.31853091573050935,0.8717713257122908
did:plc:aou2m6jyduu3txbiqzlklzsb,0.00043214920016848557,8.784861467054553,unknown,unknown,0.2564631844208362,0.6153035190409666,0.8717667034618028
did:plc:agesb4bpc6iv6fpipw7pybbu,0.0008856482183479554,4.509378397687683,unknown,unknown,0.5549218362970828,0.31584293129608626,0.8707647675931691
did:plc:7qiuhllywd7skoiqadlya3ry,0.0009009970309039751,4.349847540642455,unknown,unknown,0.5650232603790153,0.30466917538614113,0.8696924357651564
did:plc:zyjzrbb6oa5hmiu7d3kslxi6,0.0008554738152982664,4.764287603320592,unknown,unknown,0.5350633332036612,0.3336971150928462,0.8687604482965074
did:plc:j37zetcnytvnfjlk4ca3d2yv,0.0008942354265684366,4.339783991098725,unknown,unknown,0.5605732853325274,0.30396431083346465,0.864537596165992
did:plc:gptfta4qlxvf5twlea2wigl3,0.0007727435479687151,5.440368726014793,unknown,unknown,0.48061654706581813,0.3810507467364408,0.8616672938022589
did:plc:2pondrlrs5xlg5astgfpm6i5,0.0008831847451933801,4.375791466309107,unknown,unknown,0.5533005651428486,0.3064863228528707,0.8597868879957193
did:plc:kwtcdioo5zdbnxmhtcyqt2m6,0.0008696607206808431,4.501562888331505,unknown,unknown,0.5444000781249126,0.3152955225033593,0.8596956006282719
did:plc:ucgnqgp56aykmfzaf4lbhiig,0.0007813799050338436,5.321464273066521,unknown,unknown,0.4863003421424374,0.3727225188408627,0.8590228609833002
did:plc:26sfxnej5emm2tkasibku62z,0.0008744253360747633,4.430497645759888,unknown,unknown,0.547535786539204,0.3103180172803342,0.8578538038195382
did:plc:dt57ssk3lo7d7s4ybe57iczr,0.0008864001922701429,4.301780929544755,unknown,unknown,0.5554167284888303,0.3013025252610704,0.8567192537499007
did:plc:a5vgzbmonpanm36cxslhsvv7,0.0007582403898797285,5.502731856469499,unknown,unknown,0.47107166860375715,0.3854187443162657,0.8564904129200228
did:plc:hmt3ygqimirlbeflljfdrxcr,0.0008787029544044906,4.362460245725675,unknown,unknown,0.5503509904288545,0.3055525862232312,0.8559035766520857
did:plc:eizo32mvfftfultytpt4etre,0.0008647521606918417,4.409861299054503,unknown,unknown,0.5411696362976024,0.3088726197865215,0.8500422560841239
did:plc:5us4tzouyvomj43jbrqtbm4h,0.000791912919043748,5.06287401565938,unknown,unknown,0.493232372941996,0.3546105092242022,0.8478428821661982
did:plc:us6w2rfsi4x6ju2wfzf3sjo4,0.0007576096967002875,5.3746444072863255,unknown,unknown,0.47065659419667427,0.37644732700673217,0.8471039212034064
did:plc:emhyi4kljodgqlusdsopgfgd,0.0008299495877364586,4.67380755260897,unknown,unknown,0.5182652228596495,0.327359770580966,0.8456249934406155
did:plc:hakzua5btcgcfjye2yujlhos,0.0008741261074449464,4.209842253112059,unknown,unknown,0.547338856954182,0.29486301664079684,0.8422018735949789
did:plc:g7xd2fa6n7e7yqyvh6c3iexy,0.0008556892178282729,4.339297222433373,unknown,unknown,0.5352050948087348,0.30393021690109323,0.839135311709828
did:plc:m4hcx7fornr745oorfsvhslc,0.0008087777549788154,4.708163168052476,unknown,unknown,0.5043315286083095,0.32976608411937347,0.834097612727683
did:plc:rkgmcmrlwobvdajgjmxlvfya,0.0008571988133671085,4.252627612563337,unknown,unknown,0.5361985960762965,0.2978597607935115,0.834058356869808
did:plc:4usmserhjqkvhldgedfjb3jw,0.0008567681681338672,4.240509393866734,unknown,unknown,0.535915178052006,0.29701098444837604,0.832926162500382
did:plc:2bvxz7qsbzi5d6ztgovci5um,0.0007354483630571052,5.356694659578596,unknown,unknown,0.45607168552481836,0.3751901025221022,0.8312617880469206
did:plc:bigb2okpywf7f3hkbumc6uuj,0.0008440809622754326,4.289703663126445,unknown,unknown,0.5275654215921446,0.3004566172686165,0.8280220388607611
did:plc:ugrs2wswg7jkyajcszkqgldp,0.000772319901280798,4.9025782036319825,unknown,unknown,0.48033773495315873,0.34338317483789715,0.8237209097910558
did:plc:5wgp627dhdxxx7zvmtpoz6yc,0.000826894777515781,4.388068660972045,unknown,unknown,0.5162547785066246,0.307346234088624,0.8236010125952486
did:plc:ln72v57ivz2g46uqf4xxqiuh,0.0008638215722279355,4.034342169348661,unknown,unknown,0.5405571935639798,0.2825707546015402,0.82312794816552
did:plc:ap3jijc22uilmt6xl66h3qvl,0.0008265017891667542,4.360086294641914,unknown,unknown,0.5159961433869181,0.3053863114946715,0.8213824548815896
did:plc:muim5ixgvxu6uueoqh3cfhbf,0.0008136164056728656,4.474410504794362,unknown,unknown,0.5075159614409178,0.313393733021145,0.8209096944620629
did:plc:x24upqvi3sjxq3b6xzplf2l7,0.0008872475067718087,3.777153730922349,unknown,unknown,0.5559743666175688,0.2645569302727407,0.8205312968903096
did:plc:263ixbri4holavs2wnyjfngc,0.0008785556585800274,3.855391610041287,unknown,unknown,0.5502540514908767,0.2700368166118391,0.8202908681027158
did:plc:b4unsvaompssjuds6njdooi2,0.000749497459598157,5.065587277614755,unknown,unknown,0.46531773512059094,0.3548005497428242,0.8201182848634152
did:plc:xizp6gyjez76xs64e64hpsah,0.0007991619112455248,4.572956817042346,unknown,unknown,0.4980031097093853,0.32029604934589234,0.8182991590552777
did:plc:e4b3uuuqlh425opmh4ddyeuo,0.00042515113796344955,8.074627696216966,unknown,unknown,0.2518575907420543,0.5655577899618004,0.8174153807038547
did:plc:nc53ou7qrkn7czdjxloelrfj,0.0007661066149884565,4.863690081613911,unknown,unknown,0.4762486212479566,0.3406593984395613,0.8169080196875178
did:plc:c37xms7keumdioa2547p75z5,0.0007821199950957534,4.644344234962428,unknown,unknown,0.4867874132788454,0.325296120163879,0.8120835334427243
did:plc:bhnp7tnocw74jj43jkdidi2n,0.0007849782280188445,4.611751697213704,unknown,unknown,0.4886684853667159,0.3230132949598078,0.8116817803265237
did:plc:lpeqikqxwo2b5n2lx5frer2a,0.0007995281425228263,4.387655881475569,unknown,unknown,0.4982441353542414,0.3073173224572087,0.80556145781145
did:plc:3r4tlcv62hpq3uumf7jdfr5u,0.0008687138379870136,3.715537278913101,unknown,unknown,0.543776911765215,0.26024123105604935,0.8040181428212644
did:plc:hsfzdq3icftr7vdp4d7krv4t,0.0008155457708500816,4.208818957046255,unknown,unknown,0.508785723241242,0.2947913436072867,0.8035770668485287
did:plc:y3wp5wqydtpfup2li5xjhkxf,0.0007487230097811027,4.821160287826036,unknown,unknown,0.4648080509998364,0.337680554449829,0.8024886054496654
did:plc:eulynhfqp2tbodmicxgdfyv5,0.0009059462085860014,3.3364375488354674,unknown,unknown,0.568280433690665,0.23368857580257293,0.801969009493238
did:plc:4yf7jm4tvaryy572lvxtazfl,0.0008344977844218039,3.8969891681584485,unknown,unknown,0.5212585008972195,0.27295036556067437,0.7942088664578939
did:plc:s4t4ce7wbksdau5aqb5aqa4u,0.000812573230853971,4.072028043736323,unknown,unknown,0.506829422909107,0.28521032395796386,0.7920397468670709
did:plc:6jqkjlfoaxcqvodp4g7tdb7k,0.0006449201394338385,5.612742215088122,unknown,unknown,0.39649287609802714,0.39312401787611084,0.7896168939741379
did:plc:lofloocctwsiuko3wokhcums,0.0008865639142999623,3.328723907667698,unknown,unknown,0.5555244779091013,0.2331483019948473,0.7886727799039486
did:plc:duzgg3fqxy2ctfecjtq2ponq,0.0008185716972502172,3.919720421747784,unknown,unknown,0.510777158454678,0.2745424931517792,0.7853196516064571
did:plc:tt2mid3wiy3eldzfi3cltyeh,0.000800088980725076,4.091786572917813,unknown,unknown,0.49861323651445144,0.2865942379311139,0.7852074744455653
did:plc:2a6467lkgeow52scdgvrlhej,0.0007564627804121921,4.487967229290962,unknown,unknown,0.46990178089953855,0.3143432642483259,0.7842450451478644
did:plc:nx6tmq3lxlo2vewn44hso6lv,0.0004073667374820924,7.7568545096521,unknown,unknown,0.24015324744843214,0.5433005283437886,0.7834537757922208
did:plc:bbp2b224lro3bfnzcqwwnkfo,0.0008251559838051558,3.764022112684661,unknown,unknown,0.5151104363890884,0.26363717406000425,0.7787476104490927
did:plc:awfb4sw3txujcc5yznamavgz,0.0007814667976695411,4.140178030938597,unknown,unknown,0.4863575282836827,0.2899836407718277,0.7763411690555104
did:plc:77hgvuxcsdbgg5udgfndef5r,0.0008640799388118792,3.359275950857181,unknown,unknown,0.5407272308501535,0.23528820821407231,0.7760154390642258
did:plc:nphj4mp22ccn5czmjwzegtva,0.0007393981143485789,4.527685377622997,unknown,unknown,0.4586711122014891,0.31712517680666774,0.7757962890081569
did:plc:lqrs3fao5dzsq6ku2nk45a34,0.0005905306863303796,5.9223853522583285,unknown,unknown,0.3606978639837549,0.41481183989382026,0.7755097038775751
did:plc:d4s2vxv7v53hvolx2i2i7avf,0.0007887668000136234,4.055493643362981,unknown,unknown,0.4911618360571695,0.2840522323052834,0.7752140683624529
did:plc:223cpcieytdlbmzovhs2ypg2,0.0008078758667884782,3.835206688454967,unknown,unknown,0.5037379742175818,0.2686230375408536,0.7723610117584354
did:plc:lgg6brspqsio7mkxipkuhfls,0.0008015179452387449,3.8840711795834992,unknown,unknown,0.4995536725578208,0.2720455722570001,0.7715992448148209
did:plc:vn3p3ydk5zgywye3focmlf64,0.0007662617042803339,4.214215689898989,unknown,unknown,0.4763506892549833,0.29516933803873724,0.7715200272937206
did:plc:73l2g3mmr3drypunsrlbmj4m,0.0006472078053955745,5.284016714167461,unknown,unknown,0.39799844429445635,0.37009964142196466,0.768098085716421
did:plc:vq5s7pmjzrx4wqbuebz35x33,0.0007856080721881665,3.9822623528776018,unknown,unknown,0.48908300101974334,0.278923014171503,0.7680060151912463
did:plc:v5n2j2uvmxhn6rxx6dee4yed,0.000821901370277866,3.626952126382122,unknown,unknown,0.5129684966564897,0.25403660776272746,0.7670051044192172
did:plc:by7bmadqw2riha3ok3ygzab4,0.0007098809523343663,4.645023498879335,unknown,unknown,0.4392451553001044,0.32534369672271235,0.7645888520228168
did:plc:quhh4e7opp7z6cqjwrh6sk5m,0.0007613222188872792,4.142966577655081,unknown,unknown,0.4730998946726892,0.2901789543364294,0.7632788490091186
did:plc:sw4wu2khare3t6kz3z5iyb2s,0.0006241937983688787,5.431412350594684,unknown,unknown,0.3828523706843481,0.3804234301493196,0.7632758008336678
did:plc:q7wmkrvcto52ydwb4uwqzbju,0.000755814188086727,4.1925426260752365,unknown,unknown,0.4694749266323503,0.293651327482832,0.7631262541151823
did:plc:aojkallehhnlbm3bxjioub66,0.0007174781561085174,4.549644211989035,unknown,unknown,0.44424505850951984,0.3186632031159194,0.7629082616254392
did:plc:3brg3tkarfmhgddu4pmgjbkq,0.0007758026543898063,3.957899138543507,unknown,unknown,0.48262981885205053,0.2772165818536871,0.7598464007057376
did:plc:z6phioqd5wrigle4t4jbveif,0.0008101346475771843,3.6297674742858006,unknown,unknown,0.5052245323843172,0.254233798518547,0.7594583309028642
did:plc:oynoumqbiibwrbo24kymrhcu,0.0006386397799387592,5.222516365508105,unknown,unknown,0.3923596198988753,0.3657920742401414,0.7581516941390167
did:plc:lyyoblayzueyb4xeup422qi4,0.00041303356679202666,7.320776441746067,unknown,unknown,0.24388272462138258,0.5127570336324108,0.7566397582537934
did:plc:6pcdldll3n6sshowvflu7ojw,0.0007822483759580683,3.844968039749295,unknown,unknown,0.48687190382360346,0.2693067357214703,0.7561786395450738
did:plc:57qazk3l7p67pjhoceo65tcu,0.0008601234771911298,3.1021677523222864,unknown,unknown,0.538123387943791,0.21728000399524744,0.7554033919390384
